fecha,hora,tiempo,partida,# palabras a adivinar,nombre_evento,usuarie-nick,usuarie-genero,usuarie-edad,estado,palabra,nivel,dificultad
05/07/21,18:22:25,1:04,1,6.0,inicio_partida,Relderf,Masculino,30,,,1,Fácil
05/07/21,18:28:25,1:04,2,6.0,inicio_partida,Relderf,Masculino,30,,,1,Fácil
05/07/21,18:33:48,1:04,3,6.0,inicio_partida,Relderf,Masculino,30,,,1,Fácil
05/07/21,18:42:14,1:04,4,6.0,inicio_partida,Relderf,Masculino,30,,,1,Fácil
05/07/21,18:47:47,1:04,5,6.0,inicio_partida,Relderf,Masculino,30,,,1,Fácil
05/07/21,18:49:08,1:04,6,6.0,inicio_partida,Relderf,Masculino,30,,,1,Fácil
05/07/21,18:51:27,1:04,7,6.0,inicio_partida,Relderf,Masculino,30,,,1,Fácil
05/07/21,18:57:48,1:04,8,6.0,inicio_partida,Relderf,Masculino,30,,,1,Fácil
05/07/21,19:12:10,1:04,9,6.0,inicio_partida,Relderf,Masculino,30,,,1,Fácil
05/07/21,19:17:30,1:04,10,6.0,inicio_partida,Relderf,Masculino,30,,,1,Fácil
05/07/21,19:19:50,1:04,11,6.0,inicio_partida,Relderf,Masculino,30,,,1,Fácil
05/07/21,19:22:38,1:04,12,6.0,inicio_partida,Relderf,Masculino,30,,,1,Fácil
05/07/21,19:34:28,1:04,13,6.0,inicio_partida,Relderf,Masculino,30,,,1,Fácil
05/07/21,19:51:13,1:04,14,6.0,inicio_partida,Relderf,Masculino,30,,,1,Fácil
05/07/21,19:51:19,1:04,14,6.0,fin_partida,Relderf,Masculino,30,timeout,,1,Fácil
05/07/21,19:56:31,1:04,15,6.0,inicio_partida,Relderf,Masculino,30,,,1,Fácil
05/07/21,20:02:09,1:04,16,6.0,inicio_partida,Relderf,Masculino,30,,,1,Fácil
05/07/21,20:16:41,1:04,17,6.0,inicio_partida,Relderf,Masculino,30,,,1,Fácil
05/07/21,20:17:55,0:00,17,6.0,fin_partida,Relderf,Masculino,30,timeout,,1,Fácil
05/07/21,20:24:10,3:20,18,10.0,inicio_partida,Relderf,Masculino,30,,,5,Difícil
05/07/21,20:24:12,3:19,18,10.0,intento,Relderf,Masculino,30,error,Lentes,5,Difícil
05/07/21,20:24:14,3:17,18,10.0,intento,Relderf,Masculino,30,error,Llave,5,Difícil
05/07/21,20:24:15,3:15,18,10.0,intento,Relderf,Masculino,30,error,Snitch,5,Difícil
05/07/21,20:24:17,3:14,18,10.0,intento,Relderf,Masculino,30,error,Jaula,5,Difícil
05/07/21,20:24:18,3:13,18,10.0,intento,Relderf,Masculino,30,error,Espada,5,Difícil
05/07/21,20:24:19,3:11,18,10.0,intento,Relderf,Masculino,30,error,Lechuza,5,Difícil
05/07/21,20:24:21,3:09,18,10.0,intento,Relderf,Masculino,30,correcto,Lentes,5,Difícil
05/07/21,20:24:22,3:08,18,10.0,intento,Relderf,Masculino,30,error,Jaula,5,Difícil
05/07/21,20:24:24,3:06,18,10.0,intento,Relderf,Masculino,30,error,Snitch,5,Difícil
05/07/21,20:24:26,3:05,18,10.0,intento,Relderf,Masculino,30,correcto,Snitch,5,Difícil
05/07/21,20:24:27,3:03,18,10.0,intento,Relderf,Masculino,30,error,Vara,5,Difícil
05/07/21,20:24:29,3:02,18,10.0,intento,Relderf,Masculino,30,error,Lechuza,5,Difícil
05/07/21,20:24:30,3:01,18,10.0,intento,Relderf,Masculino,30,error,Horocruxes,5,Difícil
05/07/21,20:24:32,2:59,18,10.0,intento,Relderf,Masculino,30,error,Llave,5,Difícil
05/07/21,20:24:35,2:55,18,10.0,intento,Relderf,Masculino,30,error,Horocruxes,5,Difícil
05/07/21,20:24:37,2:54,18,10.0,intento,Relderf,Masculino,30,correcto,Mapa,5,Difícil
05/07/21,20:24:40,2:51,18,10.0,intento,Relderf,Masculino,30,error,Capa,5,Difícil
05/07/21,20:24:41,2:49,18,10.0,intento,Relderf,Masculino,30,error,Espada,5,Difícil
05/07/21,20:24:43,2:47,18,10.0,intento,Relderf,Masculino,30,error,Lechuza,5,Difícil
05/07/21,20:24:45,2:45,18,10.0,intento,Relderf,Masculino,30,correcto,Espada,5,Difícil
05/07/21,20:24:47,2:44,18,10.0,intento,Relderf,Masculino,30,error,Jaula,5,Difícil
05/07/21,20:24:49,2:41,18,10.0,intento,Relderf,Masculino,30,error,Vara,5,Difícil
05/07/21,20:24:51,2:40,18,10.0,intento,Relderf,Masculino,30,error,Vara,5,Difícil
05/07/21,20:24:53,2:38,18,10.0,intento,Relderf,Masculino,30,error,Horocruxes,5,Difícil
05/07/21,20:24:54,2:36,18,10.0,intento,Relderf,Masculino,30,correcto,Horocruxes,5,Difícil
05/07/21,20:24:56,2:34,18,10.0,intento,Relderf,Masculino,30,error,Jaula,5,Difícil
05/07/21,20:24:58,2:33,18,10.0,intento,Relderf,Masculino,30,error,Lechuza,5,Difícil
05/07/21,20:24:59,2:31,18,10.0,intento,Relderf,Masculino,30,error,Jaula,5,Difícil
05/07/21,20:25:01,2:30,18,10.0,intento,Relderf,Masculino,30,error,Lechuza,5,Difícil
05/07/21,20:25:03,2:28,18,10.0,intento,Relderf,Masculino,30,error,Llave,5,Difícil
05/07/21,20:25:05,2:26,18,10.0,intento,Relderf,Masculino,30,correcto,Llave,5,Difícil
05/07/21,20:25:07,2:23,18,10.0,intento,Relderf,Masculino,30,error,Jaula,5,Difícil
05/07/21,20:25:09,2:22,18,10.0,intento,Relderf,Masculino,30,error,Lechuza,5,Difícil
05/07/21,20:25:11,2:19,18,10.0,intento,Relderf,Masculino,30,error,Capa,5,Difícil
05/07/21,20:25:14,2:17,18,10.0,intento,Relderf,Masculino,30,error,Lechuza,5,Difícil
05/07/21,20:25:16,2:15,18,10.0,intento,Relderf,Masculino,30,error,Jaula,5,Difícil
05/07/21,20:25:17,2:13,18,10.0,intento,Relderf,Masculino,30,error,Vara,5,Difícil
05/07/21,20:25:19,2:11,18,10.0,intento,Relderf,Masculino,30,correcto,Lechuza,5,Difícil
05/07/21,20:25:21,2:10,18,10.0,intento,Relderf,Masculino,30,error,Jaula,5,Difícil
05/07/21,20:25:22,2:08,18,10.0,intento,Relderf,Masculino,30,error,Capa,5,Difícil
05/07/21,20:25:24,2:07,18,10.0,intento,Relderf,Masculino,30,error,Vara,5,Difícil
05/07/21,20:25:26,2:05,18,10.0,intento,Relderf,Masculino,30,correcto,Vara,5,Difícil
05/07/21,20:25:27,2:03,18,10.0,intento,Relderf,Masculino,30,error,Capa,5,Difícil
05/07/21,20:25:30,2:01,18,10.0,intento,Relderf,Masculino,30,correcto,Capa,5,Difícil
05/07/21,20:25:31,1:59,18,10.0,intento,Relderf,Masculino,30,correcto,Jaula,5,Difícil
05/07/21,20:25:32,1:59,18,10.0,fin_partida,Relderf,Masculino,30,nivel_ganado,,5,Difícil
05/07/21,20:25:32,1:59,18,10.0,fin_partida,Relderf,Masculino,30,partida_ganada,,5,Difícil
06/07/21,14:54:15,1:40,19,4.0,inicio_partida,Lore,Femenino,33,,,1,Normal
06/07/21,14:54:16,1:40,19,4.0,intento,Lore,Femenino,33,error,Java,1,Normal
06/07/21,14:54:17,1:38,19,4.0,intento,Lore,Femenino,33,error,Ruby,1,Normal
06/07/21,14:54:19,1:37,19,4.0,intento,Lore,Femenino,33,error,php,1,Normal
06/07/21,14:54:20,1:35,19,4.0,intento,Lore,Femenino,33,error,Python,1,Normal
06/07/21,14:54:23,1:33,19,4.0,intento,Lore,Femenino,33,error,Java,1,Normal
06/07/21,14:54:24,1:31,19,4.0,intento,Lore,Femenino,33,correcto,php,1,Normal
06/07/21,14:54:25,1:30,19,4.0,intento,Lore,Femenino,33,error,Java,1,Normal
06/07/21,14:54:27,1:28,19,4.0,intento,Lore,Femenino,33,correcto,Java,1,Normal
06/07/21,14:54:29,1:26,19,4.0,intento,Lore,Femenino,33,error,Python,1,Normal
06/07/21,14:54:31,1:25,19,4.0,intento,Lore,Femenino,33,correcto,Python,1,Normal
06/07/21,14:54:32,1:23,19,4.0,intento,Lore,Femenino,33,correcto,Ruby,1,Normal
06/07/21,14:54:33,1:23,19,4.0,fin_partida,Lore,Femenino,33,nivel_ganado,,1,Normal
06/07/21,14:54:35,2:00,20,5.0,inicio_partida,Lore,Femenino,33,,,2,Normal
06/07/21,14:54:37,1:59,20,5.0,intento,Lore,Femenino,33,error,Android,2,Normal
06/07/21,14:54:38,1:58,20,5.0,intento,Lore,Femenino,33,error,Python,2,Normal
06/07/21,14:54:40,1:56,20,5.0,intento,Lore,Femenino,33,error,JavaScript,2,Normal
06/07/21,14:54:42,1:54,20,5.0,intento,Lore,Femenino,33,error,Python,2,Normal
06/07/21,14:54:45,1:51,20,5.0,intento,Lore,Femenino,33,error,JavaScript,2,Normal
06/07/21,14:54:46,1:49,20,5.0,intento,Lore,Femenino,33,correcto,Android,2,Normal
06/07/21,14:54:48,1:48,20,5.0,intento,Lore,Femenino,33,error,JavaScript,2,Normal
06/07/21,14:54:50,1:46,20,5.0,intento,Lore,Femenino,33,correcto,JavaScript,2,Normal
06/07/21,14:54:51,1:44,20,5.0,intento,Lore,Femenino,33,error,Ruby,2,Normal
06/07/21,14:54:54,1:42,20,5.0,intento,Lore,Femenino,33,error,Python,2,Normal
06/07/21,14:54:56,1:40,20,5.0,intento,Lore,Femenino,33,correcto,Ruby,2,Normal
06/07/21,14:54:57,1:39,20,5.0,intento,Lore,Femenino,33,error,SQL,2,Normal
06/07/21,14:54:59,1:37,20,5.0,intento,Lore,Femenino,33,error,SQL,2,Normal
06/07/21,14:55:00,1:36,20,5.0,intento,Lore,Femenino,33,error,SQL,2,Normal
06/07/21,14:55:02,1:34,20,5.0,intento,Lore,Femenino,33,correcto,Python,2,Normal
06/07/21,14:55:03,1:33,20,5.0,intento,Lore,Femenino,33,correcto,SQL,2,Normal
06/07/21,14:55:04,1:33,20,5.0,fin_partida,Lore,Femenino,33,nivel_ganado,,2,Normal
06/07/21,14:55:06,2:20,21,8.0,inicio_partida,Lore,Femenino,33,,,3,Normal
06/07/21,14:55:08,2:19,21,8.0,intento,Lore,Femenino,33,error,Perl,3,Normal
06/07/21,14:55:10,2:17,21,8.0,intento,Lore,Femenino,33,error,Java,3,Normal
06/07/21,14:55:12,2:15,21,8.0,intento,Lore,Femenino,33,error,HTML 5,3,Normal
06/07/21,14:55:13,2:13,21,8.0,intento,Lore,Femenino,33,error,HTML 5,3,Normal
06/07/21,14:55:15,2:12,21,8.0,intento,Lore,Femenino,33,error,HTML 5,3,Normal
06/07/21,14:55:16,2:11,21,8.0,intento,Lore,Femenino,33,error,Java,3,Normal
06/07/21,14:55:17,2:09,21,8.0,intento,Lore,Femenino,33,correcto,SQL,3,Normal
06/07/21,14:55:19,2:08,21,8.0,intento,Lore,Femenino,33,error,.NET,3,Normal
06/07/21,14:55:21,2:06,21,8.0,intento,Lore,Femenino,33,error,HTML 5,3,Normal
06/07/21,14:55:22,2:05,21,8.0,intento,Lore,Femenino,33,error,Java,3,Normal
06/07/21,14:55:23,2:03,21,8.0,intento,Lore,Femenino,33,correcto,.NET,3,Normal
06/07/21,14:55:25,2:02,21,8.0,intento,Lore,Femenino,33,error,Ruby,3,Normal
06/07/21,14:55:27,2:00,21,8.0,intento,Lore,Femenino,33,error,Perl,3,Normal
06/07/21,14:55:28,1:59,21,8.0,intento,Lore,Femenino,33,error,php,3,Normal
06/07/21,14:55:29,1:57,21,8.0,intento,Lore,Femenino,33,error,HTML 5,3,Normal
06/07/21,14:55:31,1:56,21,8.0,intento,Lore,Femenino,33,correcto,Ruby,3,Normal
06/07/21,14:55:32,1:54,21,8.0,intento,Lore,Femenino,33,error,Kotlin,3,Normal
06/07/21,14:55:34,1:53,21,8.0,intento,Lore,Femenino,33,error,HTML 5,3,Normal
06/07/21,14:55:35,1:51,21,8.0,intento,Lore,Femenino,33,error,Perl,3,Normal
06/07/21,14:55:37,1:50,21,8.0,intento,Lore,Femenino,33,error,Perl,3,Normal
06/07/21,14:55:39,1:48,21,8.0,intento,Lore,Femenino,33,error,HTML 5,3,Normal
06/07/21,14:55:40,1:47,21,8.0,intento,Lore,Femenino,33,error,php,3,Normal
06/07/21,14:55:42,1:44,21,8.0,intento,Lore,Femenino,33,error,php,3,Normal
06/07/21,14:55:45,1:42,21,8.0,intento,Lore,Femenino,33,error,Java,3,Normal
06/07/21,14:55:46,1:40,21,8.0,intento,Lore,Femenino,33,error,HTML 5,3,Normal
06/07/21,14:55:49,1:38,21,8.0,intento,Lore,Femenino,33,error,Perl,3,Normal
06/07/21,14:55:52,1:35,21,8.0,intento,Lore,Femenino,33,error,Kotlin,3,Normal
06/07/21,14:55:54,1:33,21,8.0,intento,Lore,Femenino,33,error,Kotlin,3,Normal
06/07/21,14:55:56,1:30,21,8.0,intento,Lore,Femenino,33,error,php,3,Normal
06/07/21,14:55:59,1:28,21,8.0,intento,Lore,Femenino,33,error,Java,3,Normal
06/07/21,14:56:00,1:26,21,8.0,intento,Lore,Femenino,33,correcto,Perl,3,Normal
06/07/21,14:56:02,1:25,21,8.0,intento,Lore,Femenino,33,error,HTML 5,3,Normal
06/07/21,14:56:03,1:23,21,8.0,intento,Lore,Femenino,33,error,php,3,Normal
06/07/21,14:56:05,1:22,21,8.0,intento,Lore,Femenino,33,correcto,php,3,Normal
06/07/21,14:56:07,1:20,21,8.0,intento,Lore,Femenino,33,error,Java,3,Normal
06/07/21,14:56:08,1:18,21,8.0,intento,Lore,Femenino,33,error,Kotlin,3,Normal
06/07/21,14:56:10,1:17,21,8.0,intento,Lore,Femenino,33,correcto,Java,3,Normal
06/07/21,14:56:12,1:15,21,8.0,intento,Lore,Femenino,33,error,HTML 5,3,Normal
06/07/21,14:56:14,1:13,21,8.0,intento,Lore,Femenino,33,correcto,HTML 5,3,Normal
06/07/21,14:56:15,1:11,21,8.0,intento,Lore,Femenino,33,correcto,Kotlin,3,Normal
06/07/21,14:56:16,1:11,21,8.0,fin_partida,Lore,Femenino,33,nivel_ganado,,3,Normal
06/07/21,14:56:20,3:00,22,10.0,inicio_partida,Lore,Femenino,33,,,4,Normal
06/07/21,14:56:20,3:00,22,10.0,intento,Lore,Femenino,33,error,Rust,4,Normal
06/07/21,14:56:22,2:58,22,10.0,intento,Lore,Femenino,33,error,php,4,Normal
06/07/21,14:56:23,2:57,22,10.0,intento,Lore,Femenino,33,error,SQL,4,Normal
06/07/21,14:56:25,2:55,22,10.0,intento,Lore,Femenino,33,error,HTML 5,4,Normal
06/07/21,14:56:26,2:54,22,10.0,intento,Lore,Femenino,33,error,php,4,Normal
06/07/21,14:56:27,2:53,22,10.0,intento,Lore,Femenino,33,correcto,HTML 5,4,Normal
06/07/21,14:56:29,2:51,22,10.0,intento,Lore,Femenino,33,error,Ruby,4,Normal
06/07/21,14:56:31,2:49,22,10.0,intento,Lore,Femenino,33,error,Ruby,4,Normal
06/07/21,14:56:32,2:48,22,10.0,intento,Lore,Femenino,33,error,Python,4,Normal
06/07/21,14:56:34,2:46,22,10.0,intento,Lore,Femenino,33,correcto,Ruby,4,Normal
06/07/21,14:56:36,2:44,22,10.0,intento,Lore,Femenino,33,error,SQL,4,Normal
06/07/21,14:56:38,2:42,22,10.0,intento,Lore,Femenino,33,error,Python,4,Normal
06/07/21,14:56:40,2:40,22,10.0,intento,Lore,Femenino,33,error,Kotlin,4,Normal
06/07/21,14:56:41,2:39,22,10.0,intento,Lore,Femenino,33,error,Python,4,Normal
06/07/21,14:56:43,2:37,22,10.0,intento,Lore,Femenino,33,correcto,Kotlin,4,Normal
06/07/21,14:56:44,2:36,22,10.0,intento,Lore,Femenino,33,error,C++,4,Normal
06/07/21,14:56:46,2:34,22,10.0,intento,Lore,Femenino,33,error,Python,4,Normal
06/07/21,14:56:48,2:32,22,10.0,intento,Lore,Femenino,33,correcto,C++,4,Normal
06/07/21,14:56:49,2:31,22,10.0,intento,Lore,Femenino,33,error,Perl,4,Normal
06/07/21,14:56:51,2:29,22,10.0,intento,Lore,Femenino,33,error,Android,4,Normal
06/07/21,14:56:53,2:27,22,10.0,intento,Lore,Femenino,33,error,SQL,4,Normal
06/07/21,14:56:54,2:26,22,10.0,intento,Lore,Femenino,33,error,php,4,Normal
06/07/21,14:56:56,2:24,22,10.0,intento,Lore,Femenino,33,error,Android,4,Normal
06/07/21,14:56:58,2:22,22,10.0,intento,Lore,Femenino,33,correcto,php,4,Normal
06/07/21,14:57:00,2:20,22,10.0,intento,Lore,Femenino,33,error,SQL,4,Normal
06/07/21,14:57:02,2:18,22,10.0,intento,Lore,Femenino,33,error,Perl,4,Normal
06/07/21,14:57:03,2:17,22,10.0,intento,Lore,Femenino,33,error,Python,4,Normal
06/07/21,14:57:05,2:15,22,10.0,intento,Lore,Femenino,33,error,Perl,4,Normal
06/07/21,14:57:06,2:14,22,10.0,intento,Lore,Femenino,33,error,Python,4,Normal
06/07/21,14:57:08,2:12,22,10.0,intento,Lore,Femenino,33,error,Python,4,Normal
06/07/21,14:57:09,2:11,22,10.0,intento,Lore,Femenino,33,correcto,Python,4,Normal
06/07/21,14:57:11,2:09,22,10.0,intento,Lore,Femenino,33,correcto,SQL,4,Normal
06/07/21,14:57:13,2:07,22,10.0,intento,Lore,Femenino,33,error,Rust,4,Normal
06/07/21,14:57:15,2:05,22,10.0,intento,Lore,Femenino,33,error,Android,4,Normal
06/07/21,14:57:16,2:04,22,10.0,intento,Lore,Femenino,33,correcto,Rust,4,Normal
06/07/21,14:57:18,2:02,22,10.0,intento,Lore,Femenino,33,error,Perl,4,Normal
06/07/21,14:57:21,1:59,22,10.0,intento,Lore,Femenino,33,correcto,Android,4,Normal
06/07/21,14:57:23,1:57,22,10.0,intento,Lore,Femenino,33,correcto,Perl,4,Normal
06/07/21,14:57:24,1:57,22,10.0,fin_partida,Lore,Femenino,33,nivel_ganado,,4,Normal
06/07/21,14:57:24,1:57,22,10.0,fin_partida,Lore,Femenino,33,partida_ganada,,4,Normal
06/07/21,14:58:30,2:00,23,6.0,inicio_partida,Lore,Femenino,33,,,1,Fácil
06/07/21,14:58:31,2:00,23,6.0,intento,Lore,Femenino,33,error,Perl,1,Fácil
06/07/21,14:58:32,1:59,23,6.0,intento,Lore,Femenino,33,error,Kotlin,1,Fácil
06/07/21,14:58:32,1:58,23,6.0,intento,Lore,Femenino,33,error,Java,1,Fácil
06/07/21,14:58:33,1:57,23,6.0,intento,Lore,Femenino,33,error,Kotlin,1,Fácil
06/07/21,14:58:34,1:57,23,6.0,intento,Lore,Femenino,33,correcto,Kotlin,1,Fácil
06/07/21,14:58:35,1:56,23,6.0,intento,Lore,Femenino,33,error,Swift,1,Fácil
06/07/21,14:58:36,1:55,23,6.0,intento,Lore,Femenino,33,error,Android,1,Fácil
06/07/21,14:58:37,1:54,23,6.0,intento,Lore,Femenino,33,error,Java,1,Fácil
06/07/21,14:58:38,1:53,23,6.0,intento,Lore,Femenino,33,correcto,Perl,1,Fácil
06/07/21,14:58:39,1:51,23,6.0,intento,Lore,Femenino,33,error,Rust,1,Fácil
06/07/21,14:58:40,1:50,23,6.0,intento,Lore,Femenino,33,error,Android,1,Fácil
06/07/21,14:58:42,1:49,23,6.0,intento,Lore,Femenino,33,error,Android,1,Fácil
06/07/21,14:58:42,1:48,23,6.0,intento,Lore,Femenino,33,correcto,Rust,1,Fácil
06/07/21,14:58:43,1:47,23,6.0,intento,Lore,Femenino,33,error,Swift,1,Fácil
06/07/21,14:58:45,1:46,23,6.0,intento,Lore,Femenino,33,error,Android,1,Fácil
06/07/21,14:58:46,1:45,23,6.0,intento,Lore,Femenino,33,error,Swift,1,Fácil
06/07/21,14:58:48,1:43,23,6.0,intento,Lore,Femenino,33,error,Java,1,Fácil
06/07/21,14:58:49,1:42,23,6.0,intento,Lore,Femenino,33,correcto,Swift,1,Fácil
06/07/21,14:58:50,1:41,23,6.0,intento,Lore,Femenino,33,error,Java,1,Fácil
06/07/21,14:58:51,1:40,23,6.0,intento,Lore,Femenino,33,correcto,Java,1,Fácil
06/07/21,14:58:52,1:39,23,6.0,intento,Lore,Femenino,33,correcto,Android,1,Fácil
06/07/21,14:58:53,1:39,23,6.0,fin_partida,Lore,Femenino,33,nivel_ganado,,1,Fácil
06/07/21,14:58:56,2:20,24,8.0,inicio_partida,Lore,Femenino,33,,,2,Fácil
06/07/21,14:58:56,2:20,24,8.0,intento,Lore,Femenino,33,error,Ruby,2,Fácil
06/07/21,14:58:57,2:19,24,8.0,intento,Lore,Femenino,33,error,Kotlin,2,Fácil
06/07/21,14:58:58,2:18,24,8.0,intento,Lore,Femenino,33,error,Swift,2,Fácil
06/07/21,14:58:59,2:17,24,8.0,intento,Lore,Femenino,33,error,.NET,2,Fácil
06/07/21,14:59:00,2:16,24,8.0,intento,Lore,Femenino,33,error,C++,2,Fácil
06/07/21,14:59:01,2:15,24,8.0,intento,Lore,Femenino,33,error,C++,2,Fácil
06/07/21,14:59:02,2:14,24,8.0,intento,Lore,Femenino,33,correcto,C++,2,Fácil
06/07/21,14:59:03,2:13,24,8.0,intento,Lore,Femenino,33,error,JavaScript,2,Fácil
06/07/21,14:59:05,2:12,24,8.0,intento,Lore,Femenino,33,correcto,JavaScript,2,Fácil
06/07/21,14:59:06,2:11,24,8.0,intento,Lore,Femenino,33,error,Swift,2,Fácil
06/07/21,14:59:06,2:10,24,8.0,intento,Lore,Femenino,33,error,Kotlin,2,Fácil
06/07/21,14:59:08,2:09,24,8.0,intento,Lore,Femenino,33,error,.NET,2,Fácil
06/07/21,14:59:09,2:07,24,8.0,intento,Lore,Femenino,33,error,Kotlin,2,Fácil
06/07/21,14:59:10,2:06,24,8.0,intento,Lore,Femenino,33,error,Swift,2,Fácil
06/07/21,14:59:11,2:05,24,8.0,intento,Lore,Femenino,33,correcto,.NET,2,Fácil
06/07/21,14:59:12,2:04,24,8.0,intento,Lore,Femenino,33,error,HTML 5,2,Fácil
06/07/21,14:59:13,2:03,24,8.0,intento,Lore,Femenino,33,error,Ruby,2,Fácil
06/07/21,14:59:14,2:02,24,8.0,intento,Lore,Femenino,33,error,Android,2,Fácil
06/07/21,14:59:16,2:01,24,8.0,intento,Lore,Femenino,33,correcto,Android,2,Fácil
06/07/21,14:59:17,1:59,24,8.0,intento,Lore,Femenino,33,error,HTML 5,2,Fácil
06/07/21,14:59:18,1:58,24,8.0,intento,Lore,Femenino,33,error,Kotlin,2,Fácil
06/07/21,14:59:20,1:56,24,8.0,intento,Lore,Femenino,33,error,HTML 5,2,Fácil
06/07/21,14:59:21,1:55,24,8.0,intento,Lore,Femenino,33,error,Ruby,2,Fácil
06/07/21,14:59:23,1:53,24,8.0,intento,Lore,Femenino,33,error,Swift,2,Fácil
06/07/21,14:59:25,1:52,24,8.0,intento,Lore,Femenino,33,error,Ruby,2,Fácil
06/07/21,14:59:26,1:50,24,8.0,intento,Lore,Femenino,33,correcto,HTML 5,2,Fácil
06/07/21,14:59:27,1:49,24,8.0,intento,Lore,Femenino,33,error,Swift,2,Fácil
06/07/21,14:59:28,1:48,24,8.0,intento,Lore,Femenino,33,error,Ruby,2,Fácil
06/07/21,14:59:30,1:46,24,8.0,intento,Lore,Femenino,33,correcto,Kotlin,2,Fácil
06/07/21,14:59:31,1:45,24,8.0,intento,Lore,Femenino,33,correcto,Swift,2,Fácil
06/07/21,14:59:32,1:44,24,8.0,intento,Lore,Femenino,33,correcto,Ruby,2,Fácil
06/07/21,14:59:33,1:44,24,8.0,fin_partida,Lore,Femenino,33,nivel_ganado,,2,Fácil
06/07/21,14:59:35,2:40,25,10.0,inicio_partida,Lore,Femenino,33,,,3,Fácil
06/07/21,14:59:36,2:40,25,10.0,intento,Lore,Femenino,33,correcto,Python,3,Fácil
06/07/21,14:59:37,2:39,25,10.0,intento,Lore,Femenino,33,error,Java,3,Fácil
06/07/21,14:59:38,2:38,25,10.0,intento,Lore,Femenino,33,error,Ruby,3,Fácil
06/07/21,14:59:39,2:37,25,10.0,intento,Lore,Femenino,33,error,SQL,3,Fácil
06/07/21,14:59:40,2:36,25,10.0,intento,Lore,Femenino,33,error,Perl,3,Fácil
06/07/21,14:59:41,2:35,25,10.0,intento,Lore,Femenino,33,error,SQL,3,Fácil
06/07/21,14:59:42,2:34,25,10.0,intento,Lore,Femenino,33,error,Java,3,Fácil
06/07/21,14:59:43,2:32,25,10.0,intento,Lore,Femenino,33,error,Android,3,Fácil
06/07/21,14:59:44,2:31,25,10.0,intento,Lore,Femenino,33,error,.NET,3,Fácil
06/07/21,14:59:45,2:30,25,10.0,intento,Lore,Femenino,33,error,Android,3,Fácil
06/07/21,14:59:46,2:29,25,10.0,intento,Lore,Femenino,33,error,JavaScript,3,Fácil
06/07/21,14:59:47,2:29,25,10.0,intento,Lore,Femenino,33,error,Rust,3,Fácil
06/07/21,14:59:48,2:28,25,10.0,intento,Lore,Femenino,33,error,SQL,3,Fácil
06/07/21,14:59:49,2:27,25,10.0,intento,Lore,Femenino,33,correcto,Java,3,Fácil
06/07/21,14:59:50,2:26,25,10.0,intento,Lore,Femenino,33,error,Ruby,3,Fácil
06/07/21,14:59:51,2:25,25,10.0,intento,Lore,Femenino,33,error,Perl,3,Fácil
06/07/21,14:59:52,2:24,25,10.0,intento,Lore,Femenino,33,error,SQL,3,Fácil
06/07/21,14:59:53,2:23,25,10.0,intento,Lore,Femenino,33,error,C++,3,Fácil
06/07/21,14:59:54,2:21,25,10.0,intento,Lore,Femenino,33,correcto,Android,3,Fácil
06/07/21,14:59:55,2:21,25,10.0,intento,Lore,Femenino,33,error,Perl,3,Fácil
06/07/21,14:59:56,2:20,25,10.0,intento,Lore,Femenino,33,error,Ruby,3,Fácil
06/07/21,14:59:57,2:19,25,10.0,intento,Lore,Femenino,33,error,JavaScript,3,Fácil
06/07/21,14:59:58,2:18,25,10.0,intento,Lore,Femenino,33,error,Rust,3,Fácil
06/07/21,14:59:59,2:16,25,10.0,intento,Lore,Femenino,33,correcto,Perl,3,Fácil
06/07/21,15:00:00,2:15,25,10.0,intento,Lore,Femenino,33,error,Rust,3,Fácil
06/07/21,15:00:01,2:14,25,10.0,intento,Lore,Femenino,33,error,C++,3,Fácil
06/07/21,15:00:03,2:13,25,10.0,intento,Lore,Femenino,33,error,C++,3,Fácil
06/07/21,15:00:04,2:12,25,10.0,intento,Lore,Femenino,33,error,Rust,3,Fácil
06/07/21,15:00:05,2:10,25,10.0,intento,Lore,Femenino,33,error,Rust,3,Fácil
06/07/21,15:00:07,2:09,25,10.0,intento,Lore,Femenino,33,error,Ruby,3,Fácil
06/07/21,15:00:08,2:08,25,10.0,intento,Lore,Femenino,33,correcto,JavaScript,3,Fácil
06/07/21,15:00:09,2:07,25,10.0,intento,Lore,Femenino,33,error,Rust,3,Fácil
06/07/21,15:00:10,2:06,25,10.0,intento,Lore,Femenino,33,error,SQL,3,Fácil
06/07/21,15:00:11,2:04,25,10.0,intento,Lore,Femenino,33,error,Ruby,3,Fácil
06/07/21,15:00:12,2:03,25,10.0,intento,Lore,Femenino,33,error,.NET,3,Fácil
06/07/21,15:00:15,2:01,25,10.0,intento,Lore,Femenino,33,error,Ruby,3,Fácil
06/07/21,15:00:16,2:00,25,10.0,intento,Lore,Femenino,33,error,C++,3,Fácil
06/07/21,15:00:18,1:58,25,10.0,intento,Lore,Femenino,33,correcto,.NET,3,Fácil
06/07/21,15:00:19,1:57,25,10.0,intento,Lore,Femenino,33,correcto,SQL,3,Fácil
06/07/21,15:00:20,1:56,25,10.0,intento,Lore,Femenino,33,error,Rust,3,Fácil
06/07/21,15:00:21,1:54,25,10.0,intento,Lore,Femenino,33,correcto,Rust,3,Fácil
06/07/21,15:00:22,1:53,25,10.0,intento,Lore,Femenino,33,correcto,Ruby,3,Fácil
06/07/21,15:00:24,1:52,25,10.0,intento,Lore,Femenino,33,correcto,C++,3,Fácil
06/07/21,15:00:25,1:52,25,10.0,fin_partida,Lore,Femenino,33,nivel_ganado,,3,Fácil
06/07/21,15:00:25,1:52,25,10.0,fin_partida,Lore,Femenino,33,partida_ganada,,3,Fácil
06/07/21,15:01:11,1:20,26,4.0,inicio_partida,Relderf,Masculino,30,,,1,Difícil
06/07/21,15:01:12,1:19,26,4.0,intento,Relderf,Masculino,30,error,JavaScript,1,Difícil
06/07/21,15:01:14,1:18,26,4.0,intento,Relderf,Masculino,30,error,JavaScript,1,Difícil
06/07/21,15:01:15,1:17,26,4.0,intento,Relderf,Masculino,30,correcto,Android,1,Difícil
06/07/21,15:01:16,1:15,26,4.0,intento,Relderf,Masculino,30,correcto,Swift,1,Difícil
06/07/21,15:01:18,1:13,26,4.0,intento,Relderf,Masculino,30,correcto,JavaScript,1,Difícil
06/07/21,15:01:19,1:12,26,4.0,intento,Relderf,Masculino,30,correcto,Perl,1,Difícil
06/07/21,15:01:20,1:12,26,4.0,fin_partida,Relderf,Masculino,30,nivel_ganado,,1,Difícil
06/07/21,15:01:22,1:40,27,5.0,inicio_partida,Relderf,Masculino,30,,,2,Difícil
06/07/21,15:01:23,1:39,27,5.0,intento,Relderf,Masculino,30,error,Rust,2,Difícil
06/07/21,15:01:24,1:38,27,5.0,intento,Relderf,Masculino,30,error,Rust,2,Difícil
06/07/21,15:01:25,1:37,27,5.0,intento,Relderf,Masculino,30,error,Android,2,Difícil
06/07/21,15:01:27,1:35,27,5.0,intento,Relderf,Masculino,30,correcto,Rust,2,Difícil
06/07/21,15:01:28,1:34,27,5.0,intento,Relderf,Masculino,30,error,Python,2,Difícil
06/07/21,15:01:30,1:33,27,5.0,intento,Relderf,Masculino,30,error,php,2,Difícil
06/07/21,15:01:31,1:31,27,5.0,intento,Relderf,Masculino,30,error,Java,2,Difícil
06/07/21,15:01:33,1:29,27,5.0,intento,Relderf,Masculino,30,error,php,2,Difícil
06/07/21,15:01:34,1:28,27,5.0,intento,Relderf,Masculino,30,error,Python,2,Difícil
06/07/21,15:01:36,1:26,27,5.0,intento,Relderf,Masculino,30,error,php,2,Difícil
06/07/21,15:01:39,1:24,27,5.0,intento,Relderf,Masculino,30,correcto,Python,2,Difícil
06/07/21,15:01:40,1:22,27,5.0,intento,Relderf,Masculino,30,error,Java,2,Difícil
06/07/21,15:01:42,1:20,27,5.0,intento,Relderf,Masculino,30,error,Android,2,Difícil
06/07/21,15:01:44,1:18,27,5.0,intento,Relderf,Masculino,30,correcto,Java,2,Difícil
06/07/21,15:01:46,1:17,27,5.0,intento,Relderf,Masculino,30,error,Android,2,Difícil
06/07/21,15:01:47,1:15,27,5.0,intento,Relderf,Masculino,30,correcto,Android,2,Difícil
06/07/21,15:01:48,1:14,27,5.0,intento,Relderf,Masculino,30,correcto,php,2,Difícil
06/07/21,15:01:49,1:14,27,5.0,fin_partida,Relderf,Masculino,30,nivel_ganado,,2,Difícil
06/07/21,15:01:51,2:20,28,6.0,inicio_partida,Relderf,Masculino,30,,,3,Difícil
06/07/21,15:01:52,2:19,28,6.0,intento,Relderf,Masculino,30,error,Java,3,Difícil
06/07/21,15:01:54,2:17,28,6.0,intento,Relderf,Masculino,30,error,Swift,3,Difícil
06/07/21,15:01:57,2:15,28,6.0,intento,Relderf,Masculino,30,error,HTML 5,3,Difícil
06/07/21,15:01:58,2:13,28,6.0,intento,Relderf,Masculino,30,error,Java,3,Difícil
06/07/21,15:02:00,2:11,28,6.0,intento,Relderf,Masculino,30,error,php,3,Difícil
06/07/21,15:02:02,2:10,28,6.0,intento,Relderf,Masculino,30,error,HTML 5,3,Difícil
06/07/21,15:02:03,2:08,28,6.0,intento,Relderf,Masculino,30,error,.NET,3,Difícil
06/07/21,15:02:06,2:06,28,6.0,intento,Relderf,Masculino,30,error,php,3,Difícil
06/07/21,15:02:07,2:04,28,6.0,intento,Relderf,Masculino,30,error,Java,3,Difícil
06/07/21,15:02:09,2:03,28,6.0,intento,Relderf,Masculino,30,correcto,HTML 5,3,Difícil
06/07/21,15:02:11,2:01,28,6.0,intento,Relderf,Masculino,30,error,Android,3,Difícil
06/07/21,15:02:12,1:59,28,6.0,intento,Relderf,Masculino,30,correcto,Android,3,Difícil
06/07/21,15:02:14,1:58,28,6.0,intento,Relderf,Masculino,30,error,Java,3,Difícil
06/07/21,15:02:16,1:56,28,6.0,intento,Relderf,Masculino,30,error,php,3,Difícil
06/07/21,15:02:18,1:54,28,6.0,intento,Relderf,Masculino,30,error,Swift,3,Difícil
06/07/21,15:02:19,1:52,28,6.0,intento,Relderf,Masculino,30,correcto,Java,3,Difícil
06/07/21,15:02:21,1:50,28,6.0,intento,Relderf,Masculino,30,error,Swift,3,Difícil
06/07/21,15:02:24,1:47,28,6.0,intento,Relderf,Masculino,30,error,php,3,Difícil
06/07/21,15:02:26,1:45,28,6.0,intento,Relderf,Masculino,30,error,Swift,3,Difícil
06/07/21,15:02:29,1:43,28,6.0,intento,Relderf,Masculino,30,correcto,php,3,Difícil
06/07/21,15:02:30,1:41,28,6.0,intento,Relderf,Masculino,30,error,.NET,3,Difícil
06/07/21,15:02:33,1:39,28,6.0,intento,Relderf,Masculino,30,error,Swift,3,Difícil
06/07/21,15:02:34,1:37,28,6.0,intento,Relderf,Masculino,30,correcto,Swift,3,Difícil
06/07/21,15:02:36,1:36,28,6.0,intento,Relderf,Masculino,30,correcto,.NET,3,Difícil
06/07/21,15:02:37,1:36,28,6.0,fin_partida,Relderf,Masculino,30,nivel_ganado,,3,Difícil
06/07/21,15:02:39,3:00,29,8.0,inicio_partida,Relderf,Masculino,30,,,4,Difícil
06/07/21,15:02:40,2:59,29,8.0,intento,Relderf,Masculino,30,error,C++,4,Difícil
06/07/21,15:02:42,2:58,29,8.0,intento,Relderf,Masculino,30,error,.NET,4,Difícil
06/07/21,15:02:43,2:57,29,8.0,intento,Relderf,Masculino,30,error,C++,4,Difícil
06/07/21,15:02:45,2:54,29,8.0,intento,Relderf,Masculino,30,error,C++,4,Difícil
06/07/21,15:02:46,2:53,29,8.0,intento,Relderf,Masculino,30,correcto,.NET,4,Difícil
06/07/21,15:02:48,2:51,29,8.0,intento,Relderf,Masculino,30,error,HTML 5,4,Difícil
06/07/21,15:02:50,2:50,29,8.0,intento,Relderf,Masculino,30,error,C++,4,Difícil
06/07/21,15:02:53,2:47,29,8.0,intento,Relderf,Masculino,30,error,SQL,4,Difícil
06/07/21,15:02:55,2:44,29,8.0,intento,Relderf,Masculino,30,error,php,4,Difícil
06/07/21,15:02:57,2:42,29,8.0,intento,Relderf,Masculino,30,error,php,4,Difícil
06/07/21,15:02:59,2:40,29,8.0,intento,Relderf,Masculino,30,error,Ruby,4,Difícil
06/07/21,15:03:01,2:38,29,8.0,intento,Relderf,Masculino,30,error,JavaScript,4,Difícil
06/07/21,15:03:03,2:37,29,8.0,intento,Relderf,Masculino,30,error,HTML 5,4,Difícil
06/07/21,15:03:04,2:35,29,8.0,intento,Relderf,Masculino,30,error,JavaScript,4,Difícil
06/07/21,15:03:06,2:33,29,8.0,intento,Relderf,Masculino,30,correcto,JavaScript,4,Difícil
06/07/21,15:03:08,2:32,29,8.0,intento,Relderf,Masculino,30,error,php,4,Difícil
06/07/21,15:03:10,2:30,29,8.0,intento,Relderf,Masculino,30,error,HTML 5,4,Difícil
06/07/21,15:03:11,2:28,29,8.0,intento,Relderf,Masculino,30,error,HTML 5,4,Difícil
06/07/21,15:03:14,2:26,29,8.0,intento,Relderf,Masculino,30,error,php,4,Difícil
06/07/21,15:03:15,2:24,29,8.0,intento,Relderf,Masculino,30,correcto,php,4,Difícil
06/07/21,15:03:17,2:22,29,8.0,intento,Relderf,Masculino,30,error,SQL,4,Difícil
06/07/21,15:03:19,2:20,29,8.0,intento,Relderf,Masculino,30,error,Swift,4,Difícil
06/07/21,15:03:21,2:19,29,8.0,intento,Relderf,Masculino,30,error,Swift,4,Difícil
06/07/21,15:03:23,2:16,29,8.0,intento,Relderf,Masculino,30,error,Ruby,4,Difícil
06/07/21,15:03:26,2:14,29,8.0,intento,Relderf,Masculino,30,error,Ruby,4,Difícil
06/07/21,15:03:28,2:11,29,8.0,intento,Relderf,Masculino,30,correcto,Swift,4,Difícil
06/07/21,15:03:30,2:09,29,8.0,intento,Relderf,Masculino,30,error,C++,4,Difícil
06/07/21,15:03:33,2:07,29,8.0,intento,Relderf,Masculino,30,error,SQL,4,Difícil
06/07/21,15:03:34,2:05,29,8.0,intento,Relderf,Masculino,30,error,Ruby,4,Difícil
06/07/21,15:03:36,2:03,29,8.0,intento,Relderf,Masculino,30,correcto,SQL,4,Difícil
06/07/21,15:03:37,2:02,29,8.0,intento,Relderf,Masculino,30,error,HTML 5,4,Difícil
06/07/21,15:03:40,2:00,29,8.0,intento,Relderf,Masculino,30,error,HTML 5,4,Difícil
06/07/21,15:03:42,1:57,29,8.0,intento,Relderf,Masculino,30,error,C++,4,Difícil
06/07/21,15:03:45,1:54,29,8.0,intento,Relderf,Masculino,30,error,Ruby,4,Difícil
06/07/21,15:03:48,1:52,29,8.0,intento,Relderf,Masculino,30,error,HTML 5,4,Difícil
06/07/21,15:03:49,1:50,29,8.0,intento,Relderf,Masculino,30,correcto,Ruby,4,Difícil
06/07/21,15:03:51,1:48,29,8.0,intento,Relderf,Masculino,30,error,C++,4,Difícil
06/07/21,15:03:54,1:46,29,8.0,intento,Relderf,Masculino,30,correcto,C++,4,Difícil
06/07/21,15:03:55,1:44,29,8.0,intento,Relderf,Masculino,30,correcto,HTML 5,4,Difícil
06/07/21,15:03:56,1:44,29,8.0,fin_partida,Relderf,Masculino,30,nivel_ganado,,4,Difícil
06/07/21,15:03:59,3:20,30,10.0,inicio_partida,Relderf,Masculino,30,,,5,Difícil
06/07/21,15:04:00,3:19,30,10.0,intento,Relderf,Masculino,30,error,Python,5,Difícil
06/07/21,15:04:02,3:18,30,10.0,intento,Relderf,Masculino,30,error,Java,5,Difícil
06/07/21,15:04:03,3:16,30,10.0,intento,Relderf,Masculino,30,error,Swift,5,Difícil
06/07/21,15:04:04,3:15,30,10.0,intento,Relderf,Masculino,30,error,Android,5,Difícil
06/07/21,15:04:06,3:14,30,10.0,intento,Relderf,Masculino,30,error,JavaScript,5,Difícil
06/07/21,15:04:07,3:12,30,10.0,intento,Relderf,Masculino,30,error,Ruby,5,Difícil
06/07/21,15:04:09,3:10,30,10.0,intento,Relderf,Masculino,30,error,Kotlin,5,Difícil
06/07/21,15:04:11,3:09,30,10.0,intento,Relderf,Masculino,30,error,Swift,5,Difícil
06/07/21,15:04:12,3:07,30,10.0,intento,Relderf,Masculino,30,error,Python,5,Difícil
06/07/21,15:04:13,3:06,30,10.0,intento,Relderf,Masculino,30,error,Kotlin,5,Difícil
06/07/21,15:04:15,3:04,30,10.0,intento,Relderf,Masculino,30,correcto,Swift,5,Difícil
06/07/21,15:04:16,3:03,30,10.0,intento,Relderf,Masculino,30,error,Ruby,5,Difícil
06/07/21,15:04:18,3:02,30,10.0,intento,Relderf,Masculino,30,error,Android,5,Difícil
06/07/21,15:04:19,3:00,30,10.0,intento,Relderf,Masculino,30,error,HTML 5,5,Difícil
06/07/21,15:04:21,2:58,30,10.0,intento,Relderf,Masculino,30,error,JavaScript,5,Difícil
06/07/21,15:04:23,2:56,30,10.0,intento,Relderf,Masculino,30,error,Ruby,5,Difícil
06/07/21,15:04:25,2:55,30,10.0,intento,Relderf,Masculino,30,error,JavaScript,5,Difícil
06/07/21,15:04:26,2:53,30,10.0,intento,Relderf,Masculino,30,error,Kotlin,5,Difícil
06/07/21,15:04:28,2:51,30,10.0,intento,Relderf,Masculino,30,error,JavaScript,5,Difícil
06/07/21,15:04:30,2:49,30,10.0,intento,Relderf,Masculino,30,error,SQL,5,Difícil
06/07/21,15:04:32,2:48,30,10.0,intento,Relderf,Masculino,30,error,Ruby,5,Difícil
06/07/21,15:04:33,2:46,30,10.0,intento,Relderf,Masculino,30,error,Java,5,Difícil
06/07/21,15:04:35,2:44,30,10.0,intento,Relderf,Masculino,30,correcto,JavaScript,5,Difícil
06/07/21,15:04:37,2:42,30,10.0,intento,Relderf,Masculino,30,error,Kotlin,5,Difícil
06/07/21,15:04:39,2:40,30,10.0,intento,Relderf,Masculino,30,error,Kotlin,5,Difícil
06/07/21,15:04:40,2:39,30,10.0,intento,Relderf,Masculino,30,error,Java,5,Difícil
06/07/21,15:04:42,2:37,30,10.0,intento,Relderf,Masculino,30,error,SQL,5,Difícil
06/07/21,15:04:44,2:36,30,10.0,intento,Relderf,Masculino,30,error,Ruby,5,Difícil
06/07/21,15:04:46,2:34,30,10.0,intento,Relderf,Masculino,30,correcto,SQL,5,Difícil
06/07/21,15:04:48,2:32,30,10.0,intento,Relderf,Masculino,30,error,Python,5,Difícil
06/07/21,15:04:49,2:30,30,10.0,intento,Relderf,Masculino,30,error,Android,5,Difícil
06/07/21,15:04:50,2:29,30,10.0,intento,Relderf,Masculino,30,error,Kotlin,5,Difícil
06/07/21,15:04:52,2:27,30,10.0,intento,Relderf,Masculino,30,error,C++,5,Difícil
06/07/21,15:04:54,2:26,30,10.0,intento,Relderf,Masculino,30,error,Android,5,Difícil
06/07/21,15:04:56,2:24,30,10.0,intento,Relderf,Masculino,30,error,Python,5,Difícil
06/07/21,15:04:58,2:22,30,10.0,intento,Relderf,Masculino,30,error,HTML 5,5,Difícil
06/07/21,15:05:00,2:20,30,10.0,intento,Relderf,Masculino,30,error,Python,5,Difícil
06/07/21,15:05:01,2:18,30,10.0,intento,Relderf,Masculino,30,correcto,Python,5,Difícil
06/07/21,15:05:03,2:17,30,10.0,intento,Relderf,Masculino,30,error,Ruby,5,Difícil
06/07/21,15:05:04,2:15,30,10.0,intento,Relderf,Masculino,30,error,Android,5,Difícil
06/07/21,15:05:06,2:14,30,10.0,intento,Relderf,Masculino,30,error,Java,5,Difícil
06/07/21,15:05:08,2:12,30,10.0,intento,Relderf,Masculino,30,error,Android,5,Difícil
06/07/21,15:05:09,2:10,30,10.0,intento,Relderf,Masculino,30,error,Kotlin,5,Difícil
06/07/21,15:05:11,2:08,30,10.0,intento,Relderf,Masculino,30,correcto,Ruby,5,Difícil
06/07/21,15:05:13,2:07,30,10.0,intento,Relderf,Masculino,30,error,HTML 5,5,Difícil
06/07/21,15:05:14,2:05,30,10.0,intento,Relderf,Masculino,30,error,Java,5,Difícil
06/07/21,15:05:15,2:04,30,10.0,intento,Relderf,Masculino,30,error,Android,5,Difícil
06/07/21,15:05:17,2:02,30,10.0,intento,Relderf,Masculino,30,error,Android,5,Difícil
06/07/21,15:05:19,2:00,30,10.0,intento,Relderf,Masculino,30,error,Kotlin,5,Difícil
06/07/21,15:05:21,1:58,30,10.0,intento,Relderf,Masculino,30,error,Java,5,Difícil
06/07/21,15:05:24,1:56,30,10.0,intento,Relderf,Masculino,30,correcto,HTML 5,5,Difícil
06/07/21,15:05:25,1:54,30,10.0,intento,Relderf,Masculino,30,error,Java,5,Difícil
06/07/21,15:05:27,1:53,30,10.0,intento,Relderf,Masculino,30,error,Android,5,Difícil
06/07/21,15:05:29,1:50,30,10.0,intento,Relderf,Masculino,30,correcto,Java,5,Difícil
06/07/21,15:05:30,1:49,30,10.0,intento,Relderf,Masculino,30,error,Kotlin,5,Difícil
06/07/21,15:05:32,1:48,30,10.0,intento,Relderf,Masculino,30,error,C++,5,Difícil
06/07/21,15:05:33,1:46,30,10.0,intento,Relderf,Masculino,30,correcto,Kotlin,5,Difícil
06/07/21,15:05:35,1:45,30,10.0,intento,Relderf,Masculino,30,correcto,Android,5,Difícil
06/07/21,15:05:37,1:42,30,10.0,intento,Relderf,Masculino,30,correcto,C++,5,Difícil
06/07/21,15:05:38,1:42,30,10.0,fin_partida,Relderf,Masculino,30,nivel_ganado,,5,Difícil
06/07/21,15:05:38,1:42,30,10.0,fin_partida,Relderf,Masculino,30,partida_ganada,,5,Difícil
06/07/21,15:06:07,1:40,31,4.0,inicio_partida,Relderf,Masculino,30,,,1,Normal
06/07/21,15:06:08,1:39,31,4.0,intento,Relderf,Masculino,30,error,Android,1,Normal
06/07/21,15:06:09,1:38,31,4.0,intento,Relderf,Masculino,30,error,Android,1,Normal
06/07/21,15:06:11,1:37,31,4.0,intento,Relderf,Masculino,30,correcto,Android,1,Normal
06/07/21,15:06:12,1:36,31,4.0,intento,Relderf,Masculino,30,error,Python,1,Normal
06/07/21,15:06:13,1:35,31,4.0,intento,Relderf,Masculino,30,error,JavaScript,1,Normal
06/07/21,15:06:14,1:34,31,4.0,intento,Relderf,Masculino,30,error,JavaScript,1,Normal
06/07/21,15:06:16,1:32,31,4.0,intento,Relderf,Masculino,30,error,JavaScript,1,Normal
06/07/21,15:06:17,1:30,31,4.0,intento,Relderf,Masculino,30,correcto,.NET,1,Normal
06/07/21,15:06:19,1:29,31,4.0,intento,Relderf,Masculino,30,error,JavaScript,1,Normal
06/07/21,15:06:20,1:27,31,4.0,intento,Relderf,Masculino,30,error,JavaScript,1,Normal
06/07/21,15:06:22,1:25,31,4.0,intento,Relderf,Masculino,30,correcto,JavaScript,1,Normal
06/07/21,15:06:23,1:24,31,4.0,intento,Relderf,Masculino,30,correcto,Python,1,Normal
06/07/21,15:06:24,1:24,31,4.0,fin_partida,Relderf,Masculino,30,nivel_ganado,,1,Normal
06/07/21,15:06:26,2:00,32,5.0,inicio_partida,Relderf,Masculino,30,,,2,Normal
06/07/21,15:06:27,2:00,32,5.0,intento,Relderf,Masculino,30,error,JavaScript,2,Normal
06/07/21,15:06:28,1:58,32,5.0,intento,Relderf,Masculino,30,error,C++,2,Normal
06/07/21,15:06:29,1:57,32,5.0,intento,Relderf,Masculino,30,error,C++,2,Normal
06/07/21,15:06:31,1:56,32,5.0,intento,Relderf,Masculino,30,error,Perl,2,Normal
06/07/21,15:06:32,1:54,32,5.0,intento,Relderf,Masculino,30,error,Ruby,2,Normal
06/07/21,15:06:34,1:53,32,5.0,intento,Relderf,Masculino,30,correcto,JavaScript,2,Normal
06/07/21,15:06:35,1:51,32,5.0,intento,Relderf,Masculino,30,error,C++,2,Normal
06/07/21,15:06:37,1:49,32,5.0,intento,Relderf,Masculino,30,correcto,C++,2,Normal
06/07/21,15:06:39,1:48,32,5.0,intento,Relderf,Masculino,30,error,Perl,2,Normal
06/07/21,15:06:40,1:46,32,5.0,intento,Relderf,Masculino,30,error,Python,2,Normal
06/07/21,15:06:41,1:45,32,5.0,intento,Relderf,Masculino,30,error,Perl,2,Normal
06/07/21,15:06:43,1:43,32,5.0,intento,Relderf,Masculino,30,correcto,Perl,2,Normal
06/07/21,15:06:44,1:42,32,5.0,intento,Relderf,Masculino,30,correcto,Ruby,2,Normal
06/07/21,15:06:46,1:40,32,5.0,intento,Relderf,Masculino,30,correcto,Python,2,Normal
06/07/21,15:06:47,1:40,32,5.0,fin_partida,Relderf,Masculino,30,nivel_ganado,,2,Normal
06/07/21,15:06:49,2:20,33,8.0,inicio_partida,Relderf,Masculino,30,,,3,Normal
06/07/21,15:06:50,2:19,33,8.0,intento,Relderf,Masculino,30,error,Java,3,Normal
06/07/21,15:06:52,2:17,33,8.0,intento,Relderf,Masculino,30,error,Java,3,Normal
06/07/21,15:06:53,2:16,33,8.0,intento,Relderf,Masculino,30,error,JavaScript,3,Normal
06/07/21,15:06:57,2:14,33,8.0,intento,Relderf,Masculino,30,error,Android,3,Normal
06/07/21,15:06:59,2:12,33,8.0,intento,Relderf,Masculino,30,error,Ruby,3,Normal
06/07/21,15:07:01,2:10,33,8.0,intento,Relderf,Masculino,30,error,Python,3,Normal
06/07/21,15:07:03,2:08,33,8.0,intento,Relderf,Masculino,30,error,JavaScript,3,Normal
06/07/21,15:07:04,2:07,33,8.0,intento,Relderf,Masculino,30,error,Java,3,Normal
06/07/21,15:07:05,2:06,33,8.0,intento,Relderf,Masculino,30,error,Java,3,Normal
06/07/21,15:07:08,2:03,33,8.0,intento,Relderf,Masculino,30,error,JavaScript,3,Normal
06/07/21,15:07:11,2:00,33,8.0,intento,Relderf,Masculino,30,error,Android,3,Normal
06/07/21,15:07:13,1:58,33,8.0,intento,Relderf,Masculino,30,error,.NET,3,Normal
06/07/21,15:07:15,1:56,33,8.0,intento,Relderf,Masculino,30,error,Perl,3,Normal
06/07/21,15:07:16,1:55,33,8.0,intento,Relderf,Masculino,30,correcto,.NET,3,Normal
06/07/21,15:07:26,1:52,33,8.0,intento,Relderf,Masculino,30,error,Perl,3,Normal
06/07/21,15:07:28,1:51,33,8.0,intento,Relderf,Masculino,30,error,Android,3,Normal
06/07/21,15:07:29,1:49,33,8.0,intento,Relderf,Masculino,30,error,Perl,3,Normal
06/07/21,15:07:30,1:48,33,8.0,intento,Relderf,Masculino,30,error,Python,3,Normal
06/07/21,15:07:32,1:47,33,8.0,intento,Relderf,Masculino,30,error,JavaScript,3,Normal
06/07/21,15:07:34,1:45,33,8.0,intento,Relderf,Masculino,30,error,Ruby,3,Normal
06/07/21,15:07:35,1:44,33,8.0,intento,Relderf,Masculino,30,error,Python,3,Normal
06/07/21,15:07:36,1:43,33,8.0,intento,Relderf,Masculino,30,error,Rust,3,Normal
06/07/21,15:07:37,1:41,33,8.0,intento,Relderf,Masculino,30,error,Java,3,Normal
06/07/21,15:07:39,1:40,33,8.0,intento,Relderf,Masculino,30,error,Java,3,Normal
06/07/21,15:07:40,1:38,33,8.0,intento,Relderf,Masculino,30,error,JavaScript,3,Normal
06/07/21,15:07:42,1:36,33,8.0,intento,Relderf,Masculino,30,correcto,Ruby,3,Normal
06/07/21,15:07:44,1:35,33,8.0,intento,Relderf,Masculino,30,error,Python,3,Normal
06/07/21,15:07:45,1:33,33,8.0,intento,Relderf,Masculino,30,error,Rust,3,Normal
06/07/21,15:07:47,1:32,33,8.0,intento,Relderf,Masculino,30,error,Java,3,Normal
06/07/21,15:07:48,1:30,33,8.0,intento,Relderf,Masculino,30,error,JavaScript,3,Normal
06/07/21,15:07:50,1:28,33,8.0,intento,Relderf,Masculino,30,error,Python,3,Normal
06/07/21,15:07:52,1:27,33,8.0,intento,Relderf,Masculino,30,error,JavaScript,3,Normal
06/07/21,15:07:53,1:25,33,8.0,intento,Relderf,Masculino,30,error,Rust,3,Normal
06/07/21,15:07:55,1:24,33,8.0,intento,Relderf,Masculino,30,correcto,Python,3,Normal
06/07/21,15:07:56,1:23,33,8.0,intento,Relderf,Masculino,30,error,JavaScript,3,Normal
06/07/21,15:07:58,1:21,33,8.0,intento,Relderf,Masculino,30,error,Java,3,Normal
06/07/21,15:07:59,1:19,33,8.0,intento,Relderf,Masculino,30,error,Java,3,Normal
06/07/21,15:08:02,1:17,33,8.0,intento,Relderf,Masculino,30,correcto,JavaScript,3,Normal
06/07/21,15:08:04,1:14,33,8.0,intento,Relderf,Masculino,30,correcto,Android,3,Normal
06/07/21,15:08:06,1:13,33,8.0,intento,Relderf,Masculino,30,error,Rust,3,Normal
06/07/21,15:08:08,1:11,33,8.0,intento,Relderf,Masculino,30,correcto,Rust,3,Normal
06/07/21,15:08:09,1:09,33,8.0,intento,Relderf,Masculino,30,error,Perl,3,Normal
06/07/21,15:08:11,1:07,33,8.0,intento,Relderf,Masculino,30,correcto,Java,3,Normal
06/07/21,15:08:13,1:05,33,8.0,intento,Relderf,Masculino,30,correcto,Perl,3,Normal
06/07/21,15:08:14,1:05,33,8.0,fin_partida,Relderf,Masculino,30,nivel_ganado,,3,Normal
06/07/21,15:08:16,3:00,34,10.0,inicio_partida,Relderf,Masculino,30,,,4,Normal
06/07/21,15:08:17,2:59,34,10.0,intento,Relderf,Masculino,30,error,C++,4,Normal
06/07/21,15:08:19,2:58,34,10.0,intento,Relderf,Masculino,30,error,Perl,4,Normal
06/07/21,15:08:21,2:56,34,10.0,intento,Relderf,Masculino,30,error,Python,4,Normal
06/07/21,15:08:22,2:55,34,10.0,intento,Relderf,Masculino,30,error,C++,4,Normal
06/07/21,15:08:24,2:53,34,10.0,intento,Relderf,Masculino,30,error,JavaScript,4,Normal
06/07/21,15:08:26,2:51,34,10.0,intento,Relderf,Masculino,30,error,Kotlin,4,Normal
06/07/21,15:08:28,2:49,34,10.0,intento,Relderf,Masculino,30,error,Kotlin,4,Normal
06/07/21,15:08:29,2:48,34,10.0,intento,Relderf,Masculino,30,error,Android,4,Normal
06/07/21,15:08:31,2:46,34,10.0,intento,Relderf,Masculino,30,error,Perl,4,Normal
06/07/21,15:08:33,2:44,34,10.0,intento,Relderf,Masculino,30,error,Ruby,4,Normal
06/07/21,15:08:34,2:43,34,10.0,intento,Relderf,Masculino,30,error,Swift,4,Normal
06/07/21,15:08:37,2:40,34,10.0,intento,Relderf,Masculino,30,error,Kotlin,4,Normal
06/07/21,15:08:39,2:38,34,10.0,intento,Relderf,Masculino,30,error,Kotlin,4,Normal
06/07/21,15:08:41,2:36,34,10.0,intento,Relderf,Masculino,30,error,Perl,4,Normal
06/07/21,15:08:42,2:35,34,10.0,intento,Relderf,Masculino,30,error,JavaScript,4,Normal
06/07/21,15:08:44,2:33,34,10.0,intento,Relderf,Masculino,30,error,Java,4,Normal
06/07/21,15:08:46,2:30,34,10.0,intento,Relderf,Masculino,30,error,Perl,4,Normal
06/07/21,15:08:48,2:29,34,10.0,intento,Relderf,Masculino,30,error,JavaScript,4,Normal
06/07/21,15:08:51,2:26,34,10.0,intento,Relderf,Masculino,30,error,Python,4,Normal
06/07/21,15:08:52,2:24,34,10.0,intento,Relderf,Masculino,30,correcto,Python,4,Normal
06/07/21,15:08:54,2:23,34,10.0,intento,Relderf,Masculino,30,error,C++,4,Normal
06/07/21,15:08:55,2:21,34,10.0,intento,Relderf,Masculino,30,error,JavaScript,4,Normal
06/07/21,15:08:59,2:18,34,10.0,intento,Relderf,Masculino,30,error,Swift,4,Normal
06/07/21,15:09:01,2:16,34,10.0,intento,Relderf,Masculino,30,error,JavaScript,4,Normal
06/07/21,15:09:02,2:15,34,10.0,intento,Relderf,Masculino,30,correcto,Kotlin,4,Normal
06/07/21,15:09:04,2:13,34,10.0,intento,Relderf,Masculino,30,error,Perl,4,Normal
06/07/21,15:09:06,2:11,34,10.0,intento,Relderf,Masculino,30,error,Android,4,Normal
06/07/21,15:09:08,2:09,34,10.0,intento,Relderf,Masculino,30,error,JavaScript,4,Normal
06/07/21,15:09:10,2:07,34,10.0,intento,Relderf,Masculino,30,correcto,Perl,4,Normal
06/07/21,15:09:11,2:06,34,10.0,intento,Relderf,Masculino,30,error,Swift,4,Normal
06/07/21,15:09:13,2:04,34,10.0,intento,Relderf,Masculino,30,error,Swift,4,Normal
06/07/21,15:09:15,2:02,34,10.0,intento,Relderf,Masculino,30,error,Swift,4,Normal
06/07/21,15:09:17,2:00,34,10.0,intento,Relderf,Masculino,30,correcto,Swift,4,Normal
06/07/21,15:09:18,1:59,34,10.0,intento,Relderf,Masculino,30,error,C++,4,Normal
06/07/21,15:09:20,1:57,34,10.0,intento,Relderf,Masculino,30,error,Java,4,Normal
06/07/21,15:09:22,1:55,34,10.0,intento,Relderf,Masculino,30,error,php,4,Normal
06/07/21,15:09:23,1:54,34,10.0,intento,Relderf,Masculino,30,error,Java,4,Normal
06/07/21,15:09:25,1:52,34,10.0,intento,Relderf,Masculino,30,error,C++,4,Normal
06/07/21,15:09:28,1:49,34,10.0,intento,Relderf,Masculino,30,error,php,4,Normal
06/07/21,15:09:30,1:47,34,10.0,intento,Relderf,Masculino,30,error,Ruby,4,Normal
06/07/21,15:09:32,1:45,34,10.0,intento,Relderf,Masculino,30,error,C++,4,Normal
06/07/21,15:09:33,1:44,34,10.0,intento,Relderf,Masculino,30,correcto,C++,4,Normal
06/07/21,15:09:35,1:42,34,10.0,intento,Relderf,Masculino,30,error,php,4,Normal
06/07/21,15:09:36,1:41,34,10.0,intento,Relderf,Masculino,30,error,JavaScript,4,Normal
06/07/21,15:09:38,1:39,34,10.0,intento,Relderf,Masculino,30,error,Android,4,Normal
06/07/21,15:09:39,1:38,34,10.0,intento,Relderf,Masculino,30,correcto,php,4,Normal
06/07/21,15:09:40,1:37,34,10.0,intento,Relderf,Masculino,30,error,Ruby,4,Normal
06/07/21,15:09:42,1:35,34,10.0,intento,Relderf,Masculino,30,error,Android,4,Normal
06/07/21,15:09:44,1:33,34,10.0,intento,Relderf,Masculino,30,error,Java,4,Normal
06/07/21,15:09:46,1:31,34,10.0,intento,Relderf,Masculino,30,error,Ruby,4,Normal
06/07/21,15:09:48,1:29,34,10.0,intento,Relderf,Masculino,30,correcto,Ruby,4,Normal
06/07/21,15:09:50,1:27,34,10.0,intento,Relderf,Masculino,30,error,Android,4,Normal
06/07/21,15:09:51,1:26,34,10.0,intento,Relderf,Masculino,30,error,Java,4,Normal
06/07/21,15:09:53,1:23,34,10.0,intento,Relderf,Masculino,30,correcto,Android,4,Normal
06/07/21,15:09:55,1:22,34,10.0,intento,Relderf,Masculino,30,error,JavaScript,4,Normal
06/07/21,15:09:57,1:20,34,10.0,intento,Relderf,Masculino,30,correcto,JavaScript,4,Normal
06/07/21,15:09:58,1:19,34,10.0,intento,Relderf,Masculino,30,correcto,Java,4,Normal
06/07/21,15:10:00,1:19,34,10.0,fin_partida,Relderf,Masculino,30,nivel_ganado,,4,Normal
06/07/21,15:10:00,1:19,34,10.0,fin_partida,Relderf,Masculino,30,partida_ganada,,4,Normal
06/07/21,16:00:42,1:40,35,4.0,inicio_partida,Relderf,Masculino,30,,,1,Normal
06/07/21,16:01:19,1:40,36,4.0,inicio_partida,Relderf,Masculino,30,,,1,Normal
06/07/21,16:04:55,1:40,37,4.0,inicio_partida,Relderf,Masculino,30,,,1,Normal
06/07/21,16:21:55,1:40,38,4.0,inicio_partida,Relderf,Masculino,30,,,1,Normal
07/07/21,15:49:09,2:00,39,6.0,inicio_partida,Maxi,Masculino,19,,,1,Fácil
07/07/21,15:49:10,1:59,39,6.0,intento,Maxi,Masculino,19,error,Bola,1,Fácil
07/07/21,15:49:11,1:58,39,6.0,intento,Maxi,Masculino,19,error,Galleta,1,Fácil
07/07/21,15:49:12,1:57,39,6.0,intento,Maxi,Masculino,19,error,Corona,1,Fácil
07/07/21,15:49:14,1:56,39,6.0,intento,Maxi,Masculino,19,error,Galleta,1,Fácil
07/07/21,15:49:15,1:55,39,6.0,intento,Maxi,Masculino,19,correcto,Bola,1,Fácil
07/07/21,15:49:15,1:54,39,6.0,intento,Maxi,Masculino,19,error,Galleta,1,Fácil
07/07/21,15:49:17,1:52,39,6.0,intento,Maxi,Masculino,19,error,Corona,1,Fácil
07/07/21,15:49:18,1:51,39,6.0,intento,Maxi,Masculino,19,correcto,Galleta,1,Fácil
07/07/21,15:49:20,1:49,39,6.0,intento,Maxi,Masculino,19,error,Muneco,1,Fácil
07/07/21,15:49:22,1:48,39,6.0,intento,Maxi,Masculino,19,correcto,Media,1,Fácil
07/07/21,15:49:23,1:46,39,6.0,intento,Maxi,Masculino,19,correcto,Corona,1,Fácil
07/07/21,15:49:24,1:45,39,6.0,intento,Maxi,Masculino,19,correcto,Muneco,1,Fácil
07/07/21,15:49:26,1:43,39,6.0,intento,Maxi,Masculino,19,correcto,Papa Noel,1,Fácil
07/07/21,15:49:27,1:43,39,6.0,fin_partida,Maxi,Masculino,19,nivel_ganado,,1,Fácil
07/07/21,15:49:35,2:20,40,8.0,inicio_partida,Maxi,Masculino,19,,,2,Fácil
07/07/21,15:52:11,0:00,40,8.0,fin_partida,Maxi,Masculino,19,timeout,,2,Fácil
07/07/21,16:05:55,2:00,41,6.0,inicio_partida,Maxi,Masculino,19,,,1,Fácil
07/07/21,16:08:01,0:00,41,6.0,fin_partida,Maxi,Masculino,19,timeout,,1,Fácil
